{
  "name": "PCA-RGaSP",
  "rmse": 2.728327757740542,
  "coverage_prob": 0.7333333333333333,
  "quantile_coverage_error": 0.21666666666666667,
  "train_time": 347.0640060901642,
  "infer_time": 0.10149502754211426
}