{
  "name": "ExactGP",
  "rmse": 1.1876310110092163,
  "coverage_prob": 1.0,
  "quantile_coverage_error": 0.050000000000000044,
  "train_time": 9.6370210647583,
  "infer_time": 0.008608818054199219
}