{"name":"RGaSP","rmse":1.434978,"coverage_prob":0.853333,"quantile_coverage_error":0.096667,"train_time":455.863245,"infer_time":0.067027}
