{"name":"RGaSP","rmse":1.454522,"coverage_prob":0.826667,"quantile_coverage_error":0.123333,"train_time":328.848922,"infer_time":0.10355}
