,rmse,train_time,infer_time
ExactGP,1.4579973220825195,8.322149276733398,0.022562026977539062
DKL,2.5032641887664795,43.21800875663757,0.16428112983703613
RGaSP,1.454522,328.848922,0.10355
PCA-RGaSP,3.321796587609466,263.5636899471283,0.1261281967163086
