,rmse,train_time,infer_time
ExactGP,1.1876310110092163,9.6370210647583,0.008608818054199219
DKL,2.718602418899536,47.63477301597595,0.16746091842651367
RGaSP,1.434978,455.863245,0.067027
PCA-RGaSP,2.728327757740542,347.0640060901642,0.10149502754211426
